town,business_name,name_of_license,premise_address
YISHUN,SHENG SIONG SUPERMARKET,SHENG SIONG SUPERMARKET PTE LTD,"845 YISHUN STREET 81 #01-184, S(760845)"
BUKIT PANJANG,GIANT,COLD STORAGE SINGAPORE (1983) PTE LTD,"524A JELAPANG ROAD #03-13/18, GREENRIDGE SHOPPING CENTRE S(671524)"
WOODLANDS,COLD STORAGE,COLD STORAGE SINGAPORE (1983) PTE LTD,"768 WOODLANDS AVENUE 6 #01-34, WOODLANDS MART S(730768)"
ANG MO KIO,SHENG SIONG SUPERMARKET,SHENG SIONG SUPERMARKET PTE LTD,"122 ANG MO KIO AVENUE 3 #01-1753,#01-1757,#01-1755, S(560122)"
WOODLANDS,SHENG SIONG SUPERMARKET,SHENG SIONG SUPERMARKET PTE LTD,"301 WOODLANDS STREET 31 #01-217, S(730301)"
BUKIT PANJANG,FAIRPRICE,NTUC FAIRPRICE CO-OPERATIVE LTD,"1 JELEBU ROAD #02-20,#01-15, BUKIT PANJANG PLAZA S(677743)"
SEMBAWANG,FAIRPRICE,NTUC FAIRPRICE CO-OPERATIVE LTD,"30 SEMBAWANG DRIVE #B1-01-03, SUN PLAZA S(757713)"
WOODLANDS,FAIRPRICE,NTUC FAIRPRICE CO-OPERATIVE LTD,"71 WOODLANDS AVENUE 3 #01-01, MARSILING MRT STATION S(739044)"
WOODLANDS,FAIRPRICE,NTUC FAIRPRICE CO-OPERATIVE LTD,"888 WOODLANDS DRIVE 50 #01-757, 888 PLAZA S(730888)"
YISHUN,fairprice,NTUC FAIRPRICE CO-OPERATIVE LTD,"414 YISHUN RING ROAD #01-1853, S(760414)"
BUKIT PANJANG,COLD STORAGE,COLD STORAGE SINGAPORE (1983) PTE LTD,"445 FAJAR ROAD #01-536, S(670445)"
ANG MO KIO,GIANT,COLD STORAGE SINGAPORE (1983) PTE LTD,"161 ANG MO KIO AVENUE 4 #01-504, S(560161)"
WOODLANDS,FAIRPRICE,NTUC FAIRPRICE CO-OPERATIVE LTD,"30 WOODLANDS AVENUE 1, WOODGROVE S(739065)"
WOODLANDS,GIANT,COLD STORAGE SINGAPORE (1983) PTE LTD,"548 WOODLANDS DRIVE 44 #01-37/38, VISTA POINT S(730548)"
WOODLANDS,GIANT,COLD STORAGE SINGAPORE (1983) PTE LTD,"883 WOODLANDS STREET 82 #01-498, WOODLANDS NORTH PLAZA S(730883)"
YISHUN,SHENG SIONG SUPERMARKET,SHENG SIONG SUPERMARKET PTE LTD,"925 YISHUN CENTRAL 1 #01-211, S(760925)"
YISHUN,COLD STORAGE,COLD STORAGE SINGAPORE (1983) PTE LTD,"293 YISHUN STREET 22 #01-261, S(760293)"
YISHUN,hwa soon heng mini supermarket,Tan Kwee Eng,"327 YISHUN RING ROAD #01-1320, S(760327)"
BUKIT PANJANG,COLD STORAGE,COLD STORAGE SINGAPORE (1983) PTE LTD,"256 BANGKIT ROAD #01-69, S(670256)"
YISHUN,FAIRPRICE,NTUC FAIRPRICE CO-OPERATIVE LTD,"301 YISHUN AVENUE 2 #01-02, YISHUN MRT STATION S(769093)"
YISHUN,FAIRPRICE,NTUC FAIRPRICE CO-OPERATIVE LTD,"849 YISHUN RING ROAD #01-3703, S(760849)"
HOLLAND VILLAGE,The butcher,THE BUTCHER (SINGAPORE) PTE. LTD.,"44 JALAN MERAH SAGA #01-50, S(278116)"
BUKIT TIMAH,Fish market,ROSWELL ENTERPRISE PTE. LTD.,"34 GREENWOOD AVENUE, S(289236)"
BUKIT PANJANG,FAIRPRICE,NTUC FAIRPRICE CO-OPERATIVE LTD,"628 SENJA ROAD #01-01, S(670628)"
YISHUN,HAO MART,HAO MART PTE. LTD.,"239 YISHUN RING ROAD #01-1150, S(760239)"
YISHUN,COLD STORAGE,COLD STORAGE SINGAPORE (1983) PTE LTD,"418 YISHUN AVENUE 11 #01-433, S(760418)"
ANG MO KIO,FAIRPRICE,NTUC FAIRPRICE CO-OPERATIVE LTD,"215 ANG MO KIO AVENUE 1 #01-877, S(560215)"
KATHIB,FAIRPRICE,NTUC FAIRPRICE CO-OPERATIVE LTD,"1 ORCHID CLUB ROAD #01-34, ORCHID COUNTRY CLUB S(769162)"
FIFTH AVENUE,COLD STORAGE,COLD STORAGE SINGAPORE (1983) PTE LTD,"1 FIFTH AVENUE #01-05, GUTHRIE HOUSE S(268802)"
HOLLAND VILLAGE,COLD STORAGE,COLD STORAGE SINGAPORE (1983) PTE LTD,"293 HOLLAND ROAD, COLD STORAGE JELITA S(278628)"
JURONG EAST,GIANT,COLD STORAGE SINGAPORE (1983) PTE LTD,"2 JURONG EAST STREET 21 #01-100, IMM BUILDING S(609601)"
BUKIT TIMAH,LOTUS GROCERY,LOTUS GROCERY,"15 ENG KONG TERRACE, ENG KONG PARK S(598987)"
BUKIT BATOK,SHENG SIONG SUPERMARKET,SHENG SIONG SUPERMARKET PTE LTD,"154A BUKIT BATOK WEST AVENUE 8 #01-01, S(651154)"
BUKIT TIMAH,fairprice,NTUC FAIRPRICE CO-OPERATIVE LTD,"587 BUKIT TIMAH ROAD, CORONATION PLAZA S(269707)"
CLEMENTI,FAIRPRICE,NTUC FAIRPRICE CO-OPERATIVE LTD,"451 CLEMENTI AVENUE 3 #01-307, S(120451)"
BUKIT TIMAH,FAIRPRICE FINEST,NTUC FAIRPRICE CO-OPERATIVE LTD,"1 JALAN ANAK BUKIT #B2-01,#B1-01, BUKIT TIMAH PLAZA S(588996)"
JURONG EAST,FAIRPRICE,NTUC FAIRPRICE CO-OPERATIVE LTD,"135 JURONG EAST STREET 13 #01-337, S(600135)"
JURONG EAST,FAIRPRICE,NTUC FAIRPRICE CO-OPERATIVE LTD,"1 JURONG WEST CENTRAL 2 #B1-09, JURONG POINT S(648886)"
LAKESIDE,FAIRPRICE,NTUC FAIRPRICE CO-OPERATIVE LTD,"63/66 YUNG KUANG ROAD, #01-119/02-119 S(610063) #01-119/02-119"
LAKESIDE,FAIRPRICE,NTUC FAIRPRICE CO-OPERATIVE LTD,"399 YUNG SHENG ROAD, #01-43A & 01-35 S(610399) #01-43A & 01-35"
BUKIT BATOK,COLD STORAGE,COLD STORAGE SINGAPORE (1983) PTE LTD,"1 BUKIT BATOK CENTRAL LINK #B1-01, WEST MALL S(658713)"
CLEMENTI,U Stars Supermarket,U STARS SUPERMARKET PTE. LTD.,"345 CLEMENTI AVENUE 5 #01-78, S(120345)"
BUKIT TIMAH,COLD STORAGE,COLD STORAGE SINGAPORE (1983) PTE LTD,"144 UPPER BUKIT TIMAH ROAD #B1-01, BEAUTY WORLD CENTRE S(588177)"
LAKESIDE,SHENG SIONG SUPERMARKET,SHENG SIONG SUPERMARKET PTE LTD,"3 YUAN CHING ROAD #01-, #01-01A/02 S(618642) #01-01A/02"
CLEMENTI,ridgewood gourmet,Yeo Keng Guan,"5 RIDGEWOOD CLOSE, RIDGEWOOD CONDOMINIUM S(276696)"
BUKIT BATOK,FAIRPRICE,NTUC FAIRPRICE CO-OPERATIVE LTD,"166 BUKIT BATOK WEST AVENUE 8, #01-256/258 S(650166) #01-256/258"
JURONG EAST,SHENG SIONG SUPERMARKET,SHENG SIONG SUPERMARKET PTE LTD,"61 TEBAN GARDENS ROAD #01-21, S(600061)"
BUKIT BATOK,FAIRPRICE,NTUC FAIRPRICE CO-OPERATIVE LTD,"10 BUKIT BATOK CENTRAL #01-08, S(659958)"
HABOURFRONT,COLD STORAGE,COLD STORAGE SINGAPORE (1983) PTE LTD,"1 MARITIME SQUARE, HARBOURFRONT CENTRE S(099253) #01-47/48/49/50"
DOVER,GIANT,COLD STORAGE SINGAPORE (1983) PTE LTD,"21 GHIM MOH ROAD #01-177, S(270021)"
JURONG EAST,FAIRPRICE,NTUC FAIRPRICE CO-OPERATIVE LTD,"345 JURONG EAST STREET 31 #01-29, S(600345)"
BOONLAY,The Seafood Market Place by Song Fish,SONG FISH DEALER PTE LTD,"1 JURONG WEST CENTRAL 2 #B1-26, JURONG POINT SHOPPING CENTRE S(648886)"
REDHILL,FAIRPRICE,NTUC FAIRPRICE CO-OPERATIVE LTD,"57 DAWSON ROAD #01-01, DAWSON PLACE S(142057)"
ANG MO KIO,SHENG SIONG SUPERMARKET,SHENG SIONG SUPERMARKET PTE LTD,"233 ANG MO KIO AVENUE 3 #01-1168, S(560233)"
BOON KENG,SHENG SIONG SUPERMARKET,SHENG SIONG SUPERMARKET PTE LTD,"108 MCNAIR ROAD #01-295, S(321108)"
SERANGOON,-,SHENG SIONG SUPERMARKET PTE LTD,"19 SERANGOON NORTH AVENUE 5 #01-01/02, S(554913)"
YISHUN,COLD STORAGE,COLD STORAGE SINGAPORE (1983) PTE LTD,"201 YISHUN AVENUE 2 #01-03, KHATIB MRT STATION S(769092)"
ANG MO KIO,GIANT,COLD STORAGE SINGAPORE (1983) PTE LTD,"316B ANG MO KIO STREET 31 #01-11, MULTI STOREY CAR PARK S(563316)"
KALLANG,FairPrice,NTUC FAIRPRICE CO-OPERATIVE LTD,"71 KALLANG BAHRU #02-531, S(330071)"
DHOBY GHAUT,LITTLE FARMS,LITTLE FARMS PTE. LTD.,"491 RIVER VALLEY ROAD #01-20,#01-20K,#01-24,#01-25, S(248371)"
BUKIT MERAH,FAIRPRICE,NTUC FAIRPRICE CO-OPERATIVE LTD,"1 JALAN BUKIT MERAH #01-4500, S(150001)"
DHOBY GHAUT,FAIRPRICE,NTUC FAIRPRICE CO-OPERATIVE LTD,"491 RIVER VALLEY ROAD #01-14, VALLEY POINT S(248371)"
BUKIT TIMAH,COLD STORAGE,COLD STORAGE SINGAPORE (1983) PTE LTD,"501 BUKIT TIMAH ROAD #01-02, CLUNY COURT S(259760)"
NEWTON,FAIRPRICE,NTUC FAIRPRICE CO-OPERATIVE LTD,"10 SINARAN DRIVE #04-47/48, SQUARE 2 S(307506)"
ANG MO KIO,FAIRPRICE XTRA,NTUC FAIRPRICE CO-OPERATIVE LTD,"53 ANG MO KIO AVENUE 3 #B2-40, S(569933)"
NEWTON,FAIRPRICE,NTUC FAIRPRICE CO-OPERATIVE LTD,"43 CAMBRIDGE ROAD #01-15, S(210043)"
BUKIT TIMAH,FPXpress,CHEERS HOLDINGS (2004) PTE. LTD.,"30 GREENWOOD AVENUE, HILLCREST PARK S(289230)"
TANGLIN,SHENG SIONG SUPERMARKET,SHENG SIONG SUPERMARKET PTE LTD,"88 TANGLIN HALT ROAD #01-10, MULTI STOREY CAR PARK S(141088)"
BOON KENG,FairPrice,NTUC FAIRPRICE CO-OPERATIVE LTD,"5 UPPER BOON KENG ROAD #01-05, MULTI STOREY CAR PARK S(380005)"
TIONG BAHRU,FAIRPRICE,NTUC FAIRPRICE CO-OPERATIVE LTD,"18/20 KIM TIAN ROAD, KAI FOOK MANSION S(169252)"
TANGLIN,swiss butchery,SWISS BUTCHERY PTE LTD,"56 TANGLIN ROAD #01-02, S(247964)"
NOVENA,FAIRPRICE,NTUC FAIRPRICE CO-OPERATIVE LTD,"80 LORONG LIMAU #01-191, S(320080)"
BISHAN,GIANT,COLD STORAGE SINGAPORE (1983) PTE LTD,"512 BISHAN STREET 13 #01-524, S(570512)"
BUKIT TIMAH,COLD STORAGE,COLD STORAGE SINGAPORE (1983) PTE LTD,"20 GREENWOOD AVENUE, HILLCREST PARK S(289215)"
ALJUNIED,-,yeo hock heng,"5 ALJUNIED ROAD, S(389797)"
MARINA BAY,MINI MART,AL MARCHE PTE. LTD.,"2 MARINA BOULEVARD #B1-05, SAIL @ MARINA BAY, THE S(018987)"
BUKIT TIMAH,-,NG LIAN TEE,"7 GREENDALE AVENUE, GREENDALE COURT S(289504)"
KALLANG,FAIRPRICE,NTUC FAIRPRICE CO-OPERATIVE LTD,"180 KITCHENER ROAD #B1-09/10, CITY SQUARE MALL S(208539)"
GEYLANG,PRB TRADING,PRB TRADING PTE. LTD.,"230 GEYLANG ROAD, #B1-01 & #01-01 S(389290)"
SERANGOON,FAMILY NEEDS,FAMILY NEEDS PTE. LTD.,"64 RANGOON ROAD, R66 APARTMENTS S(218354)"
BUKIT TIMAH,COLD STORAGE,COLD STORAGE SINGAPORE (1983) PTE LTD,"383 BUKIT TIMAH ROAD #01-09A, ALOCASSIA APARTMENTS S(259727)"
OUTRAM,FOODIE MARKET PLACE,FOODIE MARKET PLACE PTE. LTD.,"225 OUTRAM ROAD, S(169038)"
GEYLANG,HAO MART,HAO MART PTE. LTD.,"32 LORONG 11 GEYLANG, S(388724)"
TIONG BAHRU,GIANT,COLD STORAGE SINGAPORE (1983) PTE LTD,"26 JALAN MEMBINA #01-07, S(161026)"
OUTRAM PARK,FAIRPRICE SHOP,NTUC FAIRPRICE CO-OPERATIVE LTD,"150 SILAT AVENUE #01-44, S(160150)"
DHOBY GHAUT,KOSHER SHOP,"Jewish Welfare Board, Singapore, The","24 WATERLOO STREET #02-01, JEWISH SYNAGOGUE S(187950)"
ORCHARD,FAIRPRICE,NTUC FAIRPRICE CO-OPERATIVE LTD,"6 SCOTTS ROAD, SCOTTS SQUARE S(228209) #B1-03/07 & #B1-10"
ANG MO KIO,FAIRPRICE,NTUC FAIRPRICE CO-OPERATIVE LTD,"712 ANG MO KIO AVENUE 6 #01-4056, S(560712)"
SELETAR,COLD STORAGE,COLD STORAGE SINGAPORE (1983) PTE LTD,"1 SELETAR ROAD #01-11, GREENWICH, THE S(807011)"
JALAN BERSEH,SHENG SIONG SUPERMARKET,SHENG SIONG SUPERMARKET PTE LTD,"1 JALAN BERSEH #B1-03/22, NEW WORLD CENTRE S(209037)"
GEYLANG,SHENG SIONG SUPERMARKET,SHENG SIONG SUPERMARKET PTE LTD,"301 GEYLANG ROAD, BCH@301 S(389344) #01-02, #02-01/02/03/04/05"
NOVENA,HAO MART,HAO MART PTE. LTD.,"74 WHAMPOA DRIVE #01-332,#01-336,#01-334, S(320074)"
TANJONG PAGAR,FAIRPRICE FINEST,NTUC FAIRPRICE CO-OPERATIVE LTD,"100 TRAS STREET #B1-01, 100 AM S(079027)"
SERANGOON,PRIME SUPERMARKET,PRIME SUPERMARKET (1996) PTE LTD,"542B SERANGOON NORTH AVENUE 3 #02-01, MUTLI STOREY CAR PARK S(552542)"
ANG MO KIO,SHENG SIONG SUPERMARKET,SHENG SIONG SUPERMARKET PTE LTD,"2 ANG MO KIO DRIVE #01-12, ITE COLLEGE CENTRAL S(567720)"
SEMBAWANG,HAO MART,HAO MART PTE. LTD.,"16 JALAN KURAS, SEMBAWANG HILLS ESTATE S(577729)"
ORCHARD,SuperNature,CULINA PTE. LTD.,"583 ORCHARD ROAD, FORUM S(238884) #B1-05/06/07/08/09"
TOA PAYOH,FAIRPRICE FINEST,NTUC FAIRPRICE CO-OPERATIVE LTD,"20 AH HOOD ROAD #02-01, S(329984)"
YIO CHU KANG,FAIRPRICE,NTUC FAIRPRICE CO-OPERATIVE LTD,"447A JALAN KAYU #01-02, S(791447)"
,,,
,,,
,,,
,,,
,,,
,,,
,,,
,,,
,,,
,,,
,,,
,,,
,,,
,,,
,,,
,,,
,,,
,,,
,,,
,,,
,,,
,,,
,,,
,,,
,,,
,,,
,,,
,,,
,,,
,,,
,,,
,,,
,,,
,,,
,,,
,,,
,,,
,,,
,,,
,,,
,,,
,,,
,,,
,,,
,,,
,,,
,,,
,,,
,,,
,,,
,,,
,,,
,,,
,,,
,,,
,,,
,,,
,,,
,,,
,,,
,,,
,,,
,,,
,,,
,,,
,,,
,,,
,,,
,,,
,,,
,,,
,,,
,,,
,,,
,,,
,,,
,,,
,,,
,,,
,,,
,,,
,,,
,,,
,,,
,,,
,,,
,,,
,,,
,,,
,,,
,,,
,,,
,,,
,,,
,,,
,,,
,,,
,,,
,,,
,,,
,,,
,,,
,,,
,,,
,,,
,,,
,,,
,,,
,,,
,,,
,,,
,,,
,,,
,,,
,,,
,,,
,,,
,,,
,,,
,,,
,,,
,,,
,,,
,,,
,,,
,,,
,,,
,,,
,,,
,,,
,,,
,,,
,,,
,,,
,,,
,,,
,,,
,,,
,,,
,,,
,,,
,,,
,,,
,,,
,,,
,,,
,,,
,,,
,,,
,,,
,,,
,,,
,,,
,,,
,,,
,,,
,,,
,,,
,,,
,,,
,,,
,,,
,,,
,,,
,,,
,,,
,,,
,,,
,,,
,,,
,,,
,,,
,,,
,,,
,,,
,,,
,,,
,,,
,,,
,,,
,,,
,,,
,,,
,,,
,,,
,,,
,,,
,,,
,,,
,,,
,,,
,,,
,,,
,,,
,,,
,,,
,,,
,,,
,,,
,,,
,,,
,,,
,,,
,,,
,,,
,,,
,,,
,,,
,,,
,,,
,,,
,,,
,,,
,,,
,,,
,,,
,,,
,,,
,,,
,,,
,,,
,,,
,,,
,,,
,,,
,,,
,,,
,,,
,,,
,,,
,,,
,,,
,,,
,,,
,,,
,,,
,,,
,,,
,,,
,,,
,,,
,,,
,,,
,,,
,,,
,,,
,,,
,,,
,,,
,,,
,,,
,,,
,,,
,,,
,,,
,,,
,,,
,,,
,,,
,,,
,,,
,,,
,,,
,,,
,,,
,,,
,,,
,,,
,,,
,,,
,,,
,,,
,,,
,,,
,,,
,,,
,,,
,,,
,,,
,,,
,,,
,,,
,,,
,,,
,,,
,,,
,,,
,,,
,,,
,,,
,,,
,,,
,,,
,,,
,,,
,,,
,,,
,,,
,,,
,,,
,,,
,,,
,,,
,,,
,,,
,,,
,,,
,,,
,,,
,,,
,,,
,,,
,,,
,,,
,,,
,,,
,,,
,,,
,,,
,,,
,,,
,,,
,,,
,,,
,,,
,,,
,,,
,,,
,,,
,,,
,,,
,,,
,,,
,,,
,,,
,,,
,,,
,,,
,,,
,,,
,,,
,,,
,,,
,,,
,,,
,,,
,,,
,,,
,,,
,,,
,,,
,,,
,,,
,,,
,,,
,,,
,,,
,,,
,,,
,,,
,,,
,,,
,,,
,,,
,,,
,,,
,,,
,,,
,,,
,,,
,,,
,,,
,,,
,,,
,,,
,,,
,,,
,,,
,,,
,,,
,,,
,,,
,,,
,,,
,,,
,,,
,,,
,,,
,,,
,,,
,,,
,,,
,,,
,,,
,,,
,,,
,,,
,,,
,,,
,,,
,,,
,,,
,,,
,,,
,,,
,,,
,,,
,,,
,,,
,,,
,,,
,,,
,,,
,,,
,,,
,,,
,,,
,,,
,,,
,,,
,,,
,,,
,,,
,,,
,,,
,,,
,,,
,,,
,,,
,,,
,,,
,,,
,,,
,,,
,,,
,,,
,,,
,,,
,,,
,,,
,,,
,,,
,,,
,,,
,,,
,,,
,,,
,,,
,,,
,,,
,,,
,,,
,,,
,,,
,,,
,,,
,,,
,,,
,,,
,,,
,,,
,,,
,,,
,,,
,,,
,,,
,,,
,,,
,,,
,,,
,,,
,,,
,,,
,,,
,,,
,,,
,,,
,,,
,,,
,,,
,,,
,,,
,,,
,,,
,,,
,,,
,,,
,,,
,,,
,,,
,,,
,,,
,,,
,,,
,,,
,,,
,,,
,,,
,,,
,,,
,,,
,,,
,,,
,,,
,,,
,,,
,,,
,,,
,,,
,,,
,,,
,,,#NAME?
