town,flat_type,block,street_name,storey_range,floor_area_sqm,flat_model,lease_commence_date,remaining_lease,resale_price
ANG MO KIO,3 ROOM,174,ANG MO KIO AVE 4,07 TO 09,60,Improved,1986,70,255000
ANG MO KIO,3 ROOM,121,ANG MO KIO AVE 3,07 TO 09,67,New Generation,1978,62,345000
ANG MO KIO,4 ROOM,418,ANG MO KIO AVE 10,07 TO 09,99,New Generation,1979,63,486888
ANG MO KIO,4 ROOM,324,ANG MO KIO AVE 3,07 TO 09,98,New Generation,1978,62,583000
ANG MO KIO,4 ROOM,596B,ANG MO KIO ST 52,04 TO 06,93,Model A,2002,86,600888
ANG MO KIO,5 ROOM,729,ANG MO KIO AVE 6,01 TO 03,119,Improved,1980,64,670000
ANG MO KIO,5 ROOM,315B,ANG MO KIO ST 31,13 TO 15,110,Improved,2006,90,755000
ANG MO KIO,5 ROOM,700C,ANG MO KIO AVE 6,19 TO 21,111,Improved,2003,87,820000
BEDOK,2 ROOM,620,BEDOK RESERVOIR RD,07 TO 09,45,Improved,1986,70,246000
BEDOK,2 ROOM,38,BEDOK STH RD,07 TO 09,44,Improved,1978,62,255000
BEDOK,3 ROOM,107,BEDOK NTH RD,10 TO 12,81,New Generation,1977,61,378000
BEDOK,3 ROOM,221B,BEDOK CTRL,04 TO 06,69,Model A,2010,94,458000
BEDOK,3 ROOM,219A,BEDOK CTRL,16 TO 18,69,Model A,2010,94,500000
BEDOK,4 ROOM,774,BEDOK RESERVOIR VIEW,19 TO 21,107,Premium Apartment,2000,84,500000
BEDOK,4 ROOM,768,BEDOK RESERVOIR VIEW,13 TO 15,105,Premium Apartment,2000,84,530000
BEDOK,4 ROOM,180,BEDOK NTH RD,16 TO 18,85,Model A,2006,90,560000
BEDOK,5 ROOM,611,BEDOK RESERVOIR RD,04 TO 06,123,Improved,1993,77,420000
BEDOK,5 ROOM,602,BEDOK RESERVOIR RD,07 TO 09,121,Improved,1982,66,440000
BEDOK,5 ROOM,101,BEDOK RESERVOIR RD,07 TO 09,121,Improved,1985,69,480000
BEDOK,5 ROOM,506,BEDOK NTH AVE 3,04 TO 06,119,Improved,1978,62,500000
BEDOK,EXECUTIVE,114,BEDOK RESERVOIR RD,01 TO 03,148,Maisonette,1985,69,620000
BEDOK,EXECUTIVE,10D,BEDOK STH AVE 2,04 TO 06,141,Apartment,1995,79,630000
BEDOK,EXECUTIVE,629,BEDOK RESERVOIR RD,01 TO 03,173,Apartment,1993,77,753000
BEDOK,EXECUTIVE,104,LENGKONG TIGA,07 TO 09,146,Maisonette,1989,73,840000
BISHAN,3 ROOM,308,SHUNFU RD,01 TO 03,67,New Generation,1984,68,392000
BISHAN,4 ROOM,271,BISHAN ST 24,01 TO 03,104,Model A,1992,76,410000
BISHAN,4 ROOM,107,BISHAN ST 12,01 TO 03,84,Simplified,1985,69,438000
BISHAN,4 ROOM,239,BISHAN ST 22,01 TO 03,105,Model A,1992,76,470000
BISHAN,5 ROOM,128,BISHAN ST 12,13 TO 15,121,Improved,1987,71,782000
BISHAN,5 ROOM,183,BISHAN ST 13,10 TO 12,121,Improved,1987,71,820000
BISHAN,5 ROOM,192,BISHAN ST 13,13 TO 15,120,Improved,1987,71,851000
BISHAN,EXECUTIVE,212,BISHAN ST 23,04 TO 06,149,Maisonette,1992,76,835000
BISHAN,EXECUTIVE,201,BISHAN ST 23,07 TO 09,150,Maisonette,1992,76,880000
BISHAN,EXECUTIVE,450,SIN MING AVE,22 TO 24,174,Maisonette,1989,73,955000
BUKIT BATOK,3 ROOM,525,BT BATOK ST 52,01 TO 03,64,Simplified,1987,71,255000
BUKIT BATOK,3 ROOM,501,BT BATOK ST 52,04 TO 06,64,Simplified,1986,70,270000
BUKIT BATOK,3 ROOM,410,BT BATOK WEST AVE 4,01 TO 03,68,New Generation,1988,72,270000
BUKIT BATOK,4 ROOM,207,BT BATOK ST 21,10 TO 12,104,Model A,1983,67,463888
BUKIT BATOK,4 ROOM,193,BT BATOK WEST AVE 6,04 TO 06,99,Model A,1997,81,465000
BUKIT BATOK,4 ROOM,193,BT BATOK WEST AVE 6,07 TO 09,100,Model A,1997,81,470000
BUKIT BATOK,5 ROOM,243,BT BATOK EAST AVE 5,01 TO 03,121,Improved,1985,69,440000
BUKIT BATOK,5 ROOM,388,BT BATOK WEST AVE 5,13 TO 15,110,Improved,2005,89,580000
BUKIT BATOK,5 ROOM,102,BT BATOK WEST AVE 6,04 TO 06,134,Model A,1985,69,600000
BUKIT BATOK,EXECUTIVE,524,BT BATOK ST 52,01 TO 03,146,Maisonette,1987,71,535000
BUKIT MERAH,2 ROOM,28,JLN KLINIK,10 TO 12,49,Standard,1969,53,280000
BUKIT MERAH,2 ROOM,48,LOWER DELTA RD,10 TO 12,42,Standard,1970,54,280000
BUKIT MERAH,3 ROOM,116,BT MERAH VIEW,04 TO 06,59,Improved,1974,58,315000
BUKIT MERAH,3 ROOM,8,JLN BT HO SWEE,07 TO 09,56,Standard,1971,55,345000
BUKIT MERAH,3 ROOM,107,JLN BT MERAH,10 TO 12,63,Standard,1970,54,355000
BUKIT MERAH,3 ROOM,5,TELOK BLANGAH CRES,16 TO 18,66,Improved,1983,67,360000
BUKIT MERAH,4 ROOM,8A,BOON TIONG RD,07 TO 09,100,Model A,2005,89,750000
BUKIT MERAH,4 ROOM,27A,JLN MEMBINA,25 TO 27,85,Model A,2008,92,765000
BUKIT MERAH,4 ROOM,2A,BOON TIONG RD,13 TO 15,100,Model A,2001,85,770000
BUKIT MERAH,5 ROOM,50,HOY FATT RD,07 TO 09,122,Improved,1987,71,680000
BUKIT MERAH,5 ROOM,106B,DEPOT RD,19 TO 21,115,Improved,2000,84,710888
BUKIT PANJANG,3 ROOM,109,GANGSA RD,01 TO 03,64,Simplified,1988,72,310000
BUKIT PANJANG,3 ROOM,142,PETIR RD,10 TO 12,73,Model A,1988,72,315000
BUKIT PANJANG,3 ROOM,251,BANGKIT RD,10 TO 12,73,Model A,1988,73,328000
BUKIT PANJANG,4 ROOM,409,SAUJANA RD,01 TO 03,106,Model A,1989,73,297000
BUKIT PANJANG,4 ROOM,208,PETIR RD,01 TO 03,104,Model A,1988,72,320000
BUKIT PANJANG,4 ROOM,435,BT PANJANG RING RD,04 TO 06,84,Simplified,1988,72,333000
BUKIT PANJANG,5 ROOM,608,SENJA RD,13 TO 15,110,Improved,2001,85,538000
BUKIT PANJANG,5 ROOM,182,JELEBU RD,07 TO 09,110,Premium Apartment,2003,87,595000
BUKIT PANJANG,5 ROOM,606,SENJA RD,07 TO 09,120,Improved,1999,83,605999
BUKIT PANJANG,EXECUTIVE,478,SEGAR RD,10 TO 12,128,Premium Apartment,2003,87,450000
BUKIT PANJANG,EXECUTIVE,470,SEGAR RD,10 TO 12,132,Premium Apartment,2002,86,480000
BUKIT PANJANG,EXECUTIVE,466,SEGAR RD,13 TO 15,133,Premium Apartment,2002,86,515000
BUKIT TIMAH,4 ROOM,1,TOH YI DR,10 TO 12,104,Model A,1988,72,690888
BUKIT TIMAH,5 ROOM,5,FARRER RD,04 TO 06,123,Standard,1974,58,855000
CHOA CHU KANG,3 ROOM,5,TECK WHYE AVE,01 TO 03,79,Model A,1984,68,295000
CHOA CHU KANG,4 ROOM,15,TECK WHYE LANE,01 TO 03,92,New Generation,1979,63,320000
CHOA CHU KANG,4 ROOM,459,CHOA CHU KANG AVE 4,07 TO 09,103,Premium Apartment,2000,84,323888
CHOA CHU KANG,5 ROOM,502,CHOA CHU KANG ST 51,13 TO 15,128,Improved,1995,79,470000
CHOA CHU KANG,5 ROOM,471,CHOA CHU KANG AVE 3,07 TO 09,121,Improved,1999,83,480000
CHOA CHU KANG,EXECUTIVE,282,CHOA CHU KANG AVE 3,13 TO 15,144,Apartment,1992,76,540000
CHOA CHU KANG,EXECUTIVE,287,CHOA CHU KANG AVE 2,04 TO 06,146,Maisonette,1990,74,542000
CLEMENTI,3 ROOM,729,CLEMENTI WEST ST 2,07 TO 09,82,New Generation,1983,67,385000
CLEMENTI,3 ROOM,331,CLEMENTI AVE 2,10 TO 12,67,New Generation,1978,62,399000
CLEMENTI,4 ROOM,511,WEST COAST DR,10 TO 12,92,New Generation,1978,62,435000
CLEMENTI,4 ROOM,318,CLEMENTI AVE 4,01 TO 03,91,New Generation,1979,63,532000
CLEMENTI,4 ROOM,318,CLEMENTI AVE 4,04 TO 06,91,New Generation,1979,63,552000
CLEMENTI,5 ROOM,605,CLEMENTI WEST ST 1,07 TO 09,119,Improved,1979,63,595000
CLEMENTI,5 ROOM,342,CLEMENTI AVE 5,07 TO 09,121,Improved,1979,63,675000
GEYLANG,2 ROOM,43,CIRCUIT RD,04 TO 06,42,Standard,1971,55,235000
GEYLANG,2 ROOM,109,ALJUNIED CRES,04 TO 06,45,Improved,1986,70,260000
GEYLANG,3 ROOM,82,MACPHERSON LANE,01 TO 03,61,Standard,1968,52,210000
GEYLANG,3 ROOM,58,CIRCUIT RD,04 TO 06,56,Standard,1969,53,258000
GEYLANG,4 ROOM,67,CIRCUIT RD,01 TO 03,122,Adjoined flat,1969,53,575000
GEYLANG,4 ROOM,28,CASSIA CRES,07 TO 09,102,Model A,1998,82,678000
GEYLANG,5 ROOM,125,ALJUNIED RD,01 TO 03,121,Improved,1983,67,525000
GEYLANG,5 ROOM,123,PAYA LEBAR WAY,19 TO 21,118,Improved,1980,64,590000
HOUGANG,3 ROOM,154,HOUGANG ST 11,10 TO 12,67,New Generation,1984,68,335000
HOUGANG,3 ROOM,301,HOUGANG AVE 5,01 TO 03,74,Model A,1983,67,340000
HOUGANG,4 ROOM,138,LOR AH SOO,07 TO 09,103,Model A,1984,68,362888
HOUGANG,4 ROOM,636,HOUGANG AVE 8,13 TO 15,84,Simplified,1987,71,368000
HOUGANG,5 ROOM,466,HOUGANG AVE 8,04 TO 06,124,Improved,1992,76,600000
HOUGANG,5 ROOM,837,HOUGANG CTRL,07 TO 09,117,Improved,1997,81,640888
HOUGANG,EXECUTIVE,967,HOUGANG AVE 9,01 TO 03,137,Apartment,1999,83,554000
HOUGANG,EXECUTIVE,357,HOUGANG AVE 7,01 TO 03,148,Maisonette,1985,69,588000
JURONG EAST,3 ROOM,302,JURONG EAST ST 32,13 TO 15,84,New Generation,1983,67,380000
JURONG EAST,3 ROOM,210,JURONG EAST ST 21,01 TO 03,82,New Generation,1983,67,390000
JURONG EAST,4 ROOM,304,JURONG EAST ST 32,01 TO 03,99,New Generation,1983,67,342000
JURONG EAST,4 ROOM,65,TEBAN GDNS RD,16 TO 18,91,Model A,2003,87,382000
JURONG EAST,5 ROOM,272,TOH GUAN RD,13 TO 15,121,Improved,1999,83,585000
JURONG EAST,5 ROOM,269,TOH GUAN RD,19 TO 21,121,Improved,1999,83,625000
JURONG EAST,EXECUTIVE,216,JURONG EAST ST 21,10 TO 12,148,Maisonette,1985,69,678000
JURONG WEST,3 ROOM,186,BOON LAY AVE,10 TO 12,59,Improved,1975,59,248000
JURONG WEST,3 ROOM,185,BOON LAY AVE,13 TO 15,59,Improved,1975,59,255000
JURONG WEST,3 ROOM,210,BOON LAY PL,01 TO 03,65,Improved,1977,61,255000
JURONG WEST,4 ROOM,516,JURONG WEST ST 52,10 TO 12,104,Model A,1984,68,438888
JURONG WEST,4 ROOM,660B,JURONG WEST ST 64,13 TO 15,91,Model A,2001,85,440000
JURONG WEST,5 ROOM,921,JURONG WEST ST 92,04 TO 06,122,Improved,1988,72,400000
JURONG WEST,5 ROOM,273B,JURONG WEST AVE 3,10 TO 12,111,Improved,2001,85,403888
JURONG WEST,EXECUTIVE,363,YUNG AN RD,07 TO 09,146,Apartment,1995,79,610000
JURONG WEST,EXECUTIVE,679A,JURONG WEST CTRL 1,16 TO 18,134,Premium Apartment,2000,84,630000
KALLANG/WHAMPOA,3 ROOM,28,JLN BAHAGIA,01 TO 03,56,Standard,1971,55,265000
KALLANG/WHAMPOA,3 ROOM,97,GEYLANG BAHRU,01 TO 03,68,New Generation,1979,63,310000
KALLANG/WHAMPOA,4 ROOM,5A,UPP BOON KENG RD,25 TO 27,93,Model A,2012,96,675000
KALLANG/WHAMPOA,4 ROOM,12,FARRER PK RD,22 TO 24,90,Model A,2004,88,680000
KALLANG/WHAMPOA,5 ROOM,103,AH HOOD RD,22 TO 24,118,Improved,1981,65,681000
KALLANG/WHAMPOA,5 ROOM,114,WHAMPOA RD,13 TO 15,135,Model A,1995,79,688000
KALLANG/WHAMPOA,EXECUTIVE,108,JLN RAJAH,01 TO 03,154,Maisonette,1984,68,737000
MARINE PARADE,3 ROOM,8,MARINE TER,04 TO 06,65,Improved,1975,59,375000
MARINE PARADE,5 ROOM,79,MARINE DR,10 TO 12,117,Standard,1977,61,800000
MARINE PARADE,5 ROOM,29,MARINE CRES,22 TO 24,120,Standard,1975,59,888000
PASIR RIS,3 ROOM,5,CHANGI VILLAGE RD,01 TO 03,66,Improved,1981,65,290000
PASIR RIS,4 ROOM,256,PASIR RIS ST 21,04 TO 06,107,Model A,1993,77,390000
PASIR RIS,4 ROOM,632,PASIR RIS DR 3,07 TO 09,104,Model A,1995,79,392000
PASIR RIS,5 ROOM,739,PASIR RIS DR 10,10 TO 12,124,Improved,1996,80,523000
PASIR RIS,5 ROOM,562,PASIR RIS ST 51,07 TO 09,123,Improved,1993,77,535000
PASIR RIS,EXECUTIVE,266,PASIR RIS ST 21,01 TO 03,143,Apartment,1994,78,510000
PASIR RIS,EXECUTIVE,270,PASIR RIS ST 21,04 TO 06,145,Apartment,1994,78,525000
PUNGGOL,4 ROOM,302B,PUNGGOL PL,10 TO 12,93,Premium Apartment,2011,95,490000
PUNGGOL,4 ROOM,302A,PUNGGOL PL,10 TO 12,93,Premium Apartment,2011,95,500000
PUNGGOL,4 ROOM,302C,PUNGGOL PL,13 TO 15,93,Premium Apartment,2011,95,505000
PUNGGOL,4 ROOM,303D,PUNGGOL PL,10 TO 12,93,Premium Apartment,2011,95,510000
PUNGGOL,5 ROOM,126A,EDGEDALE PLAINS,07 TO 09,110,Improved,2003,87,438000
PUNGGOL,5 ROOM,101C,PUNGGOL FIELD,10 TO 12,112,Improved,2002,86,440000
QUEENSTOWN,4 ROOM,168A,QUEENSWAY,19 TO 21,84,Improved,1974,58,463000
QUEENSTOWN,4 ROOM,168A,QUEENSWAY,19 TO 21,84,Improved,1974,58,496000
QUEENSTOWN,5 ROOM,49,STRATHMORE AVE,04 TO 06,110,Improved,2006,90,822800
QUEENSTOWN,5 ROOM,28A,DOVER CRES,04 TO 06,124,Improved,2012,96,825000
QUEENSTOWN,5 ROOM,18D,HOLLAND DR,19 TO 21,117,Improved,2012,96,950000
SEMBAWANG,4 ROOM,483,ADMIRALTY LINK,04 TO 06,90,Model A,2004,88,339000
SEMBAWANG,4 ROOM,474,SEMBAWANG DR,07 TO 09,90,Model A,2000,84,340000
SEMBAWANG,5 ROOM,501B,WELLINGTON CIRCLE,07 TO 09,110,Improved,2001,85,450000
SEMBAWANG,5 ROOM,341B,SEMBAWANG CL,10 TO 12,110,Premium Apartment,2001,85,465000
SEMBAWANG,5 ROOM,316,SEMBAWANG VISTA,13 TO 15,121,Improved,1999,83,470000
SEMBAWANG,5 ROOM,354B,ADMIRALTY DR,13 TO 15,113,Improved,2001,85,475000
SEMBAWANG,EXECUTIVE,468D,ADMIRALTY DR,10 TO 12,137,Premium Apartment,2001,85,462000
SEMBAWANG,EXECUTIVE,471,SEMBAWANG DR,10 TO 12,130,Apartment,2000,84,498000
SEMBAWANG,EXECUTIVE,502A,WELLINGTON CIRCLE,10 TO 12,130,Apartment,2001,85,540000
SENGKANG,3 ROOM,302B,ANCHORVALE LINK,04 TO 06,83,Model A,2007,91,355000
SENGKANG,4 ROOM,185D,RIVERVALE CRES,13 TO 15,85,Model A2,2000,84,375000
SENGKANG,4 ROOM,116A,RIVERVALE DR,04 TO 06,95,Model A,2000,84,375000
SENGKANG,4 ROOM,303B,ANCHORVALE LINK,10 TO 12,88,Model A2,2001,85,380000
SENGKANG,5 ROOM,201C,COMPASSVALE DR,16 TO 18,110,Improved,2001,85,525000
SENGKANG,5 ROOM,262D,COMPASSVALE ST,13 TO 15,110,Improved,2001,85,550000
SENGKANG,5 ROOM,268A,COMPASSVALE LINK,16 TO 18,110,Premium Apartment,2006,90,585000
SENGKANG,EXECUTIVE,298B,COMPASSVALE ST,07 TO 09,134,Premium Apartment,2001,85,548000
SERANGOON,4 ROOM,426,SERANGOON AVE 1,10 TO 12,103,Model A,1988,72,580000
SERANGOON,4 ROOM,422,SERANGOON CTRL,10 TO 12,105,Model A,1989,73,582500
SERANGOON,4 ROOM,420,SERANGOON CTRL,04 TO 06,105,Model A,1989,73,618000
SERANGOON,4 ROOM,410,SERANGOON CTRL,04 TO 06,113,Model A,1989,73,620000
SERANGOON,5 ROOM,508,SERANGOON NTH AVE 4,07 TO 09,121,Improved,1997,81,488000
SERANGOON,5 ROOM,546,SERANGOON NTH AVE 3,10 TO 12,119,Improved,1998,82,495000
SERANGOON,EXECUTIVE,544,SERANGOON NTH AVE 3,04 TO 06,145,Maisonette,1997,81,650000
SERANGOON,EXECUTIVE,537,SERANGOON NTH AVE 4,10 TO 12,149,Maisonette,1992,76,695000
TAMPINES,3 ROOM,438,TAMPINES ST 43,04 TO 06,74,Model A,1985,70,300000
TAMPINES,3 ROOM,261,TAMPINES ST 21,07 TO 09,74,Model A,1984,68,370000
TAMPINES,3 ROOM,243,TAMPINES ST 21,07 TO 09,74,Model A,1984,68,410000
TAMPINES,4 ROOM,414,TAMPINES ST 41,07 TO 09,84,Simplified,1987,71,369000
TAMPINES,4 ROOM,134,SIMEI ST 1,07 TO 09,84,Simplified,1988,72,370000
TAMPINES,5 ROOM,515C,TAMPINES CTRL 7,10 TO 12,108,DBSS,2008,92,678000
TAMPINES,5 ROOM,518A,TAMPINES CTRL 7,16 TO 18,109,DBSS,2008,92,698000
TAMPINES,EXECUTIVE,874A,TAMPINES ST 84,01 TO 03,146,Maisonette,1989,73,610000
TAMPINES,EXECUTIVE,430,TAMPINES ST 41,07 TO 09,148,Maisonette,1986,70,613000
TOA PAYOH,3 ROOM,177,TOA PAYOH CTRL,01 TO 03,67,Improved,1972,56,370000
TOA PAYOH,3 ROOM,143,POTONG PASIR AVE 2,04 TO 06,74,Model A,1984,68,400000
TOA PAYOH,4 ROOM,228,LOR 8 TOA PAYOH,07 TO 09,82,Improved,1976,60,380000
TOA PAYOH,4 ROOM,214,LOR 8 TOA PAYOH,13 TO 15,82,Improved,1975,59,385000
TOA PAYOH,5 ROOM,255,KIM KEAT AVE,07 TO 09,122,Improved,1988,72,578000
TOA PAYOH,5 ROOM,248,KIM KEAT LINK,04 TO 06,128,Improved,1989,73,590000
TOA PAYOH,5 ROOM,11,JOO SENG RD,13 TO 15,123,Improved,1983,67,600000
WOODLANDS,3 ROOM,129,MARSILING RISE,07 TO 09,60,Improved,1985,69,240000
WOODLANDS,3 ROOM,22,MARSILING DR,07 TO 09,67,New Generation,1977,61,260000
WOODLANDS,4 ROOM,355,WOODLANDS AVE 1,07 TO 09,105,Model A,1996,80,422000
WOODLANDS,4 ROOM,525,WOODLANDS DR 14,07 TO 09,104,Premium Apartment,2000,84,438000
WOODLANDS,5 ROOM,5A,MARSILING DR,07 TO 09,110,Improved,2002,86,367000
WOODLANDS,5 ROOM,557,WOODLANDS DR 53,04 TO 06,115,Improved,1999,83,380000
WOODLANDS,EXECUTIVE,847,WOODLANDS ST 82,01 TO 03,176,Apartment,1995,79,680000
WOODLANDS,EXECUTIVE,403,WOODLANDS ST 41,10 TO 12,177,Apartment,1995,79,695000
YISHUN,3 ROOM,107,YISHUN RING RD,01 TO 03,67,New Generation,1982,66,270000
YISHUN,3 ROOM,712,YISHUN AVE 5,04 TO 06,68,New Generation,1984,68,275000
YISHUN,4 ROOM,829,YISHUN ST 81,10 TO 12,103,Model A,1988,72,430000
YISHUN,4 ROOM,802,YISHUN RING RD,10 TO 12,108,Model A,1987,71,472000
YISHUN,5 ROOM,658,YISHUN AVE 4,04 TO 06,121,Improved,1987,71,405000
YISHUN,5 ROOM,322,YISHUN CTRL,04 TO 06,122,Improved,1988,72,452000
YISHUN,EXECUTIVE,325,YISHUN CTRL,04 TO 06,146,Maisonette,1988,72,550000
